N_phases,max_abs_y_m
8,2479.006509
72,2609.778355
