phi0_deg,theta0_deg,omega0_deg_s,y_m
0.000000,2.000000,-0.000000,803.125351
45.000000,1.414214,-1.110721,-1221.160712
90.000000,0.000000,-1.570796,-2479.006509
135.000000,-1.414214,-1.110721,-2347.321626
180.000000,-2.000000,-0.000000,-803.125351
225.000000,-1.414214,1.110721,1221.160712
270.000000,-0.000000,1.570796,2479.006509
315.000000,1.414214,1.110721,2347.321626
